City_ID,City,Lat,Lng,Max Temp,Humidity,Cloudiness,Wind Speed,Country,Date
0,waitangi,-43.9535,-176.5597,283.05,95,93,1.34,NZ,1696708686
1,ribeira grande,38.5167,-28.7,294.14,77,40,8.23,PT,1696708720
2,olonkinbyen,70.9221,-8.7187,274.98,77,100,6.9,SJ,1696708666
3,adamstown,-25.066,-130.1015,293.15,76,6,5.52,PN,1696708909
4,grytviken,-54.2811,-36.5092,272.59,67,7,5.5,GS,1696708758
5,vila velha,-20.3297,-40.2925,301.12,80,0,8.75,BR,1696708910
6,port-aux-francais,-49.35,70.2167,275.85,79,98,12.43,TF,1696708911
7,blackmans bay,-43.0167,147.3167,277.33,90,6,2.2,AU,1696708911
8,varzea da palma,-17.5981,-44.7308,305.17,38,100,2.05,BR,1696708912
9,enewetak,11.3474,162.3373,302.34,74,74,8.08,MH,1696708676
10,port blair,11.6667,92.75,299.17,89,100,3.09,IN,1696708913
11,west island,-12.1568,96.8225,299.14,83,75,6.17,CC,1696708674
12,chonchi,-42.6128,-73.8092,283.71,90,100,2.44,CL,1696708684
13,forest,37.3638,-79.2897,292.55,43,0,0.45,US,1696708915
14,saipan,15.1355,145.701,301.54,78,40,7.2,MP,1696708774
15,ust-nera,64.5667,143.2,266.6,80,99,1.79,RU,1696708667
16,jamestown,42.097,-79.2353,285.12,86,100,6.17,US,1696708705
17,isafjordur,66.0755,-23.124,278.72,76,95,9.98,IS,1696708687
18,salinas,36.6777,-121.6555,311.8,31,0,1.54,US,1696708868
19,mount isa,-20.7333,139.5,295.02,20,40,2.57,AU,1696708844
20,st. john's,47.5649,-52.7093,287.9,95,100,4.12,CA,1696708804
21,utrik,11.2278,169.8474,301.55,81,18,9.35,MH,1696708919
22,ushuaia,-54.8,-68.3,279.96,49,40,5.66,AR,1696708548
23,iqaluit,63.7506,-68.5145,272.0,92,100,1.03,CA,1696708708
24,mendes,-22.5267,-43.7328,295.37,61,57,1.04,BR,1696708719
25,deqing,30.5448,119.9599,289.79,97,100,1.84,CN,1696708921
26,lisala,2.15,21.5167,294.48,98,72,0.43,CD,1696708922
27,puerto natales,-51.7236,-72.4875,278.4,81,100,14.4,CL,1696708706
28,broken hill,-31.95,141.4333,283.49,59,0,4.53,AU,1696708923
29,crane,31.3974,-102.3501,295.29,31,1,3.39,US,1696708924
30,hadibu,12.65,54.0333,299.92,82,51,1.35,YE,1696708924
31,saint-jean-de-monts,46.7833,-2.0667,293.29,46,6,3.39,FR,1696708925
32,afaahiti,-17.75,-149.2833,301.08,86,14,7.95,PF,1696708926
33,lebu,-37.6167,-73.65,284.47,63,67,7.69,CL,1696708747
34,la mira,18.035,-102.3266,305.15,60,64,4.33,MX,1696708927
35,punta arenas,-53.15,-70.9167,279.21,70,75,10.29,CL,1696708927
36,tolanaro,-25.0319,46.9987,296.19,73,20,9.77,MG,1696708928
37,port lincoln,-34.7333,135.8667,285.0,82,8,4.91,AU,1696708679
38,yellowknife,62.456,-114.3525,278.38,88,75,1.79,CA,1696708715
39,acapulco de juarez,16.8634,-99.8901,304.37,67,100,2.69,MX,1696708845
40,zapolyarnyy,69.4154,30.8136,269.75,83,89,0.86,RU,1696708930
41,tiksi,71.6872,128.8694,262.49,96,50,1.45,RU,1696708736
42,severo-yeniseyskiy,60.3725,93.0408,281.25,87,100,1.34,RU,1696708743
43,georgetown,5.4112,100.3354,300.11,89,20,1.03,MY,1696708672
44,sejenane,37.0572,9.2381,292.68,78,0,1.93,TN,1696708933
45,thompson,55.7435,-97.8558,277.24,100,100,2.06,CA,1696708933
46,avarua,-21.2078,-159.775,297.18,73,100,1.54,CK,1696708875
47,guasdualito,7.2424,-70.7324,303.13,62,20,1.54,VE,1696708934
48,atafu village,-8.5421,-172.5159,301.81,76,57,5.01,TK,1696708935
49,mount pearl,47.5166,-52.7813,287.51,94,100,4.12,CA,1696708680
50,antonio enes,-16.2325,39.9086,298.21,82,43,5.79,MZ,1696708936
51,albany,42.6001,-73.9662,287.25,91,100,0.45,US,1696708696
52,weno,7.4515,151.8468,301.49,76,100,10.52,FM,1696708937
53,hengchun,22.0042,120.7439,299.54,85,93,5.29,TW,1696708937
54,laem sing,12.4816,102.0738,296.46,100,100,1.31,TH,1696708938
55,hasaki,35.7333,140.8333,286.37,55,99,5.64,JP,1696708939
56,edinburgh of the seven seas,-37.0676,-12.3116,286.17,71,47,3.9,SH,1696708698
57,palikir - national government center,6.9248,158.1611,297.56,94,100,1.54,FM,1696708643
58,berdigestyakh,62.0989,126.6992,275.53,97,100,4.02,RU,1696708940
59,bethel,41.3712,-73.414,293.44,88,100,6.17,US,1696708668
60,college,64.8569,-147.8028,275.12,85,75,3.6,US,1696708721
61,invercargill,-46.4,168.35,281.49,88,85,3.58,NZ,1696708691
62,hami,42.8,93.45,290.97,19,92,1.63,CN,1696708942
63,harstad,68.799,16.5293,275.16,98,100,12.52,NO,1696708943
64,longyearbyen,78.2186,15.6401,270.06,68,40,5.66,SJ,1696708944
65,ta`u,-14.2336,-169.5144,298.66,81,100,8.53,AS,1696708944
66,hawaiian paradise park,19.5933,-154.9731,301.43,76,17,1.34,US,1696708945
67,krasnokholm,51.5979,54.1567,280.54,74,7,4.36,RU,1696708945
68,san patricio,28.017,-97.5169,299.09,41,100,7.05,US,1696708946
69,den burg,53.0542,4.7972,292.13,84,100,6.17,NL,1696708947
70,anadyr,64.75,177.4833,270.43,79,75,3.0,RU,1696708947
71,paros,37.0833,25.15,295.55,69,3,6.97,GR,1696708869
72,road town,18.4167,-64.6167,304.17,62,20,4.63,VG,1696708948
73,palopo,-2.9996,120.1921,298.04,85,54,1.35,ID,1696708949
74,angaur state,6.906,134.13,301.64,78,56,8.6,PW,1696708950
75,bayanhongor,46.7167,100.1167,272.48,57,65,0.54,MN,1696708950
76,houghton,47.1219,-88.569,282.86,63,75,4.63,US,1696708748
77,priob'ye,62.5206,65.5964,280.9,84,100,3.57,RU,1696708951
78,qaqortoq,60.7167,-46.0333,275.89,93,100,1.56,GL,1696708759
79,margaret river,-33.95,115.0667,289.11,75,80,3.96,AU,1696708728
80,padang,-0.9492,100.3543,299.18,89,93,1.56,ID,1696708661
81,saint-joseph,-21.3667,55.6167,293.36,77,49,5.21,RE,1696708953
82,mar del plata,-38.0023,-57.5575,294.16,23,0,6.17,AR,1696708803
83,hiratacho,35.4333,132.8167,289.16,64,100,3.24,JP,1696708954
84,benjamin hill,30.1667,-111.1,307.72,20,98,3.07,MX,1696708955
85,okhotsk,59.3833,143.3,273.22,44,100,0.68,RU,1696708955
86,puerto aysen,-45.4,-72.7,279.65,100,100,3.33,CL,1696708939
87,foshan,23.0268,113.1315,295.17,67,100,6.87,CN,1696708956
88,novyy urengoy,66.0833,76.6333,278.43,95,100,5.67,RU,1696708957
89,chibougamau,49.9168,-74.3659,285.94,94,100,2.57,CA,1696708957
90,kodiak,57.79,-152.4072,281.59,77,64,3.68,US,1696708958
91,gadzhiyevo,69.2551,33.3362,273.97,75,100,0.31,RU,1696708959
92,i-n-salah,27.1935,2.4607,302.93,16,100,8.43,DZ,1696708960
93,hammerfest,70.6634,23.6821,275.4,93,75,1.03,NO,1696708961
94,port mathurin,-19.6833,63.4167,295.92,79,87,9.39,MU,1696708962
95,taltal,-25.4,-70.4833,289.57,64,22,2.62,CL,1696708962
96,wailua homesteads,22.0669,-159.378,301.39,77,20,3.6,US,1696708779
97,sragen,-7.4264,111.0222,297.74,84,21,2.68,ID,1696708965
98,papao,-17.75,-149.55,301.97,81,9,9.64,PF,1696708966
99,kerikeri,-35.2268,173.9474,285.32,95,98,0.89,NZ,1696709701
100,shevchenko,48.5,35.0,292.22,39,100,8.73,UA,1696709702
101,haikou,20.0458,110.3417,299.22,83,75,3.0,CN,1696709702
102,hermanus,-34.4187,19.2345,287.15,74,100,4.5,ZA,1696709703
103,senador jose porfirio,-2.5908,-51.9542,305.72,45,95,1.21,BR,1696709704
104,laojunmiao,39.8333,97.7333,280.25,35,0,3.79,CN,1696709704
105,dwarka,22.2394,68.9678,300.14,73,7,3.92,IN,1696709705
106,mragowo,53.8644,21.3051,283.15,62,87,3.27,PL,1696709706
107,klyuchi,52.2667,79.1667,286.51,59,100,3.14,RU,1696709706
108,al bayda',32.7627,21.7551,290.46,82,5,4.01,LY,1696709707
109,kolonia,50.9333,6.95,293.64,67,89,4.02,DE,1696709654
110,muisne,0.6,-80.0333,300.01,76,94,4.98,EC,1696709709
111,igarka,67.4667,86.5833,274.62,96,56,4.13,RU,1696709709
112,nguruka,-5.1092,31.0419,297.58,42,90,0.38,TZ,1696709710
113,vertou,47.1687,-1.4693,292.14,52,0,2.06,FR,1696709711
114,santa maria,-29.6842,-53.8069,290.58,91,100,4.51,BR,1696709711
115,stanley,54.868,-1.6985,285.81,95,100,4.12,GB,1696709712
116,maryville,35.7565,-83.9705,292.1,46,40,5.66,US,1696709647
117,vershino-darasunskiy,52.35,115.5167,275.05,82,11,1.47,RU,1696709713
118,lihue,21.9789,-159.3672,301.73,76,75,5.14,US,1696709536
119,arar,30.9753,41.0381,300.16,19,0,0.0,SA,1696709714
120,mount gambier,-37.8333,140.7667,277.02,96,7,1.82,AU,1696709674
121,san-pedro,4.7485,-6.6363,297.5,95,100,2.69,CI,1696709717
122,progreso,21.2833,-89.6667,305.43,69,98,5.46,MX,1696709719
123,jasper,37.2001,-94.3502,291.3,42,0,3.09,US,1696709486
124,udachny,66.4167,112.4,274.51,74,100,7.68,RU,1696709637
125,vorozhba,51.1733,34.2192,286.53,73,100,10.71,UA,1696709723
126,kalix,65.853,23.1565,275.6,62,100,7.62,SE,1696709723
127,alice springs,-23.7,133.8833,280.9,61,0,0.0,AU,1696709724
128,rio gallegos,-51.6226,-69.2181,283.96,39,100,11.83,AR,1696709519
129,fortuna,40.5982,-124.1573,287.66,100,20,5.14,US,1696709725
130,flying fish cove,-10.4217,105.6791,297.97,94,100,3.6,CX,1696709673
131,sisimiut,66.9395,-53.6735,276.05,90,100,5.78,GL,1696709726
132,lazaro cardenas,17.9583,-102.2,304.9,62,46,4.86,MX,1696709684
133,east london,-33.0153,27.9116,289.65,75,100,5.2,ZA,1696709495
134,labrador city,52.9463,-66.9114,290.1,72,100,7.72,CA,1696709728
135,al kharijah,25.4514,30.5464,299.38,38,31,5.91,EG,1696709729
136,nantucket,41.2835,-70.0995,291.49,100,100,7.72,US,1696709525
137,rock hill,34.9249,-81.0251,296.92,32,0,6.69,US,1696709651
138,siyabuswa,-25.1132,29.0445,300.43,17,0,2.75,ZA,1696709730
139,sungai penuh,-2.0833,101.3833,290.75,77,62,1.34,ID,1696709731
140,touros,-5.1989,-35.4608,299.97,71,100,5.49,BR,1696709676
141,kapa'a,22.0752,-159.319,302.14,82,75,5.14,US,1696709732
142,olenino,56.2092,33.4889,278.54,79,100,9.53,RU,1696709733
143,vuktyl,63.8567,57.3094,280.99,88,97,5.36,RU,1696709733
144,kapuskasing,49.4169,-82.4331,278.2,93,100,6.69,CA,1696709734
145,harnai,30.1005,67.9374,297.13,13,0,3.51,PK,1696709734
146,vernon,50.2581,-119.2691,294.12,52,98,1.03,CA,1696709735
147,mil'kovo,55.6078,37.7956,282.58,79,58,9.26,RU,1696709735
148,petropavlovsk-kamchatsky,53.0452,158.6483,278.96,83,20,2.0,RU,1696709736
149,constantia,44.1833,28.65,287.53,42,84,5.86,RO,1696709610
150,bredasdorp,-34.5322,20.0403,285.75,75,91,2.35,ZA,1696709737
151,ad dilam,23.9915,47.1627,302.38,18,0,3.5,SA,1696709738
152,fort bragg,35.139,-79.006,298.05,44,75,6.17,US,1696709738
153,al ghayzah,16.2079,52.176,299.49,87,5,4.44,YE,1696709739
154,renqiu,38.6989,116.0936,286.76,56,9,2.4,CN,1696709739
155,chania,35.5122,24.0156,291.93,88,20,0.0,GR,1696709740
156,ilulissat,69.2167,-51.1,277.16,81,75,3.6,GL,1696709644
157,saint-francois,46.4154,3.9054,285.19,94,0,1.03,FR,1696709741
158,alghero,40.5589,8.3181,292.2,94,0,0.51,IT,1696709741
159,martapura,-3.4167,114.85,299.2,83,40,1.54,ID,1696709743
160,kharp,66.8014,65.8081,277.83,98,100,2.09,RU,1696709681
161,vadso,70.0744,29.7487,271.64,74,26,5.66,NO,1696709744
162,malabar,-33.9667,151.25,286.51,79,75,3.09,AU,1696709744
163,oranjemund,-28.55,16.4333,287.99,86,64,7.52,NA,1696709745
164,eydhafushi,5.1033,73.0708,301.47,75,100,2.2,MV,1696709633
165,kozhevnikovo,56.2589,83.9714,282.18,89,7,2.19,RU,1696709746
166,kingston,17.997,-76.7936,304.68,86,40,3.6,JM,1696709663
167,belmonte,-15.8631,-38.8828,299.22,75,36,4.23,BR,1696709747
168,namtsy,62.7161,129.6658,277.07,98,100,4.41,RU,1696709747
169,katsuren-haebaru,26.3369,127.8719,300.36,94,40,1.54,JP,1696709682
170,puerto ayora,-0.7393,-90.3518,299.13,92,61,2.68,EC,1696709639
171,whitehorse,60.7161,-135.0538,282.58,87,75,8.23,CA,1696709748
172,colac,-38.3333,143.5833,281.58,80,82,1.1,AU,1696709749
173,chingirlau,51.095,54.0814,280.65,70,7,3.99,KZ,1696709749
174,alo,7.4178,6.7371,297.07,95,99,0.45,NG,1696709750
175,port alfred,-33.5906,26.891,288.25,91,100,0.89,ZA,1696709750
176,ballina,-28.8667,153.5667,286.36,75,93,4.66,AU,1696709751
177,bandarban,22.1965,92.2262,296.55,99,100,0.85,BD,1696709751
178,portoferraio,42.8115,10.3146,296.25,75,0,5.2,IT,1696709752
179,sitka,57.0531,-135.33,286.09,88,100,5.66,US,1696709752
180,ebon,4.582,168.6964,302.06,74,96,4.58,MH,1696709753
181,midvagur,62.0511,-7.1939,276.61,81,57,0.0,FO,1696709753
182,noumea,-22.2763,166.4572,295.93,99,99,4.1,NC,1696709498
183,maxixe,-23.8597,35.3472,296.91,77,0,5.25,MZ,1696709606
184,remire-montjoly,4.9167,-52.2667,304.17,66,0,5.66,GF,1696709755
185,alofi,-19.0595,-169.9187,297.09,53,40,4.63,NU,1696709721
186,san pedro,14.35,121.0167,299.46,92,20,1.03,PH,1696709756
187,luena,-11.7833,19.9167,295.21,38,54,0.86,AO,1696709756
188,sao luiz gonzaga,-28.4083,-54.9608,291.99,88,99,6.34,BR,1696709757
189,fale old settlement,-9.3852,-171.2468,301.86,76,33,4.92,TK,1696709651
190,pyhajarvi,67.0701,27.2176,273.16,98,100,3.97,FI,1696709757
191,aasiaat,68.7098,-52.8699,275.21,94,100,2.84,GL,1696709758
192,berezovyy,51.6667,135.7,275.98,73,9,2.44,RU,1696709758
193,khandyga,62.6667,135.6,272.8,98,100,2.67,RU,1696709759
194,homestead meadows south,31.811,-106.1643,297.59,33,5,6.55,US,1696709759
195,abaza,52.655,90.0928,279.81,83,97,1.96,RU,1696709760
196,talnakh,69.4865,88.3972,276.6,100,100,3.19,RU,1696709655
197,iskateley,67.6803,53.1512,273.72,85,100,3.58,RU,1696709761
198,awash,8.9833,40.1667,301.24,25,83,1.76,ET,1696709761
199,kalaleh,37.3807,55.4916,290.3,56,0,1.07,IR,1696709762
200,minas de marcona,-15.2119,-75.1103,289.44,76,56,8.67,PE,1696709762
201,bilibino,68.0546,166.4372,258.68,100,96,1.68,RU,1696709763
202,barra dos coqueiros,-10.9089,-37.0386,300.16,78,75,5.14,BR,1696709558
203,ancud,-41.8697,-73.8203,282.47,85,100,5.41,CL,1696709764
204,mohale's hoek,-30.1514,27.4769,293.74,21,100,1.27,LS,1696709765
205,ola,59.5833,151.2833,272.27,77,8,3.92,RU,1696709765
206,merizo village,13.2658,144.6691,300.46,90,99,7.24,GU,1696709766
207,port hedland,-20.3167,118.5667,294.18,73,0,3.6,AU,1696709767
208,carnarvon,-24.8667,113.6333,294.03,66,2,5.61,AU,1696709768
209,saint-philippe,-21.3585,55.7679,294.92,80,54,5.85,RE,1696709654
210,wynyard,-41.0,145.7167,279.25,75,0,2.4,AU,1696709681
211,roccella ionica,38.322,16.4009,294.23,72,0,2.48,IT,1696709769
212,castillos,-34.1667,-53.8333,287.97,58,41,3.87,UY,1696709770
213,ust'-ilimsk,58.0006,102.6619,281.73,94,100,1.79,RU,1696709770
214,thunder bay,48.4001,-89.3168,285.14,40,40,4.12,CA,1696709771
215,ujae,8.9322,165.7642,301.05,82,100,7.65,MH,1696709595
216,vilyuchinsk,52.9306,158.4028,279.78,79,100,0.74,RU,1696709539
217,sao joao da barra,-21.6403,-41.0511,300.2,81,41,11.07,BR,1696709772
218,papatowai,-46.5619,169.4708,280.13,87,91,5.05,NZ,1696709643
219,port saint john's,-31.6229,29.5448,291.99,84,100,6.82,ZA,1696709773
220,nuuk,64.1835,-51.7216,280.49,87,100,19.03,GL,1696709774
221,barreirinhas,-2.7469,-42.8264,301.01,74,99,6.06,BR,1696709774
222,el alto,-4.2714,-81.2147,297.96,71,98,9.71,PE,1696709775
223,kununurra,-15.7667,128.7333,298.14,25,24,2.57,AU,1696709775
224,al mayadin,35.0209,40.4535,300.48,24,100,2.99,SY,1696709776
225,tura,25.5198,90.2201,295.51,98,90,1.29,IN,1696709776
226,luderitz,-26.6481,15.1594,288.85,78,3,10.72,NA,1696709777
227,burang,30.25,81.1667,278.51,80,6,1.47,CN,1696709777
228,matoury,4.8483,-52.3317,304.13,66,0,5.66,GF,1696709778
229,pisco,-13.7,-76.2167,296.18,64,0,8.75,PE,1696709778
230,barcelos,41.5388,-8.6151,298.1,54,92,1.63,PT,1696709643
231,znamenskoye,57.1281,73.8282,283.15,74,99,2.34,RU,1696709780
232,watertown,42.3709,-71.1828,293.09,89,100,5.14,US,1696709625
233,ambovombe,-25.1667,46.0833,296.21,55,0,1.13,MG,1696709780
234,tazovsky,67.4667,78.7,275.98,93,100,3.92,RU,1696709781
235,riverside,33.7333,-116.0508,309.76,12,0,2.06,US,1696709781
236,sinop,41.7711,34.8709,286.32,71,0,2.76,TR,1696709782
237,socorro,31.6546,-106.3033,298.07,34,20,5.14,US,1696709713
238,ustka,54.5805,16.8619,282.95,51,99,6.14,PL,1696709783
239,okha,53.5739,142.9478,276.79,83,7,4.5,RU,1696709784
240,lerwick,60.1545,-1.1494,278.15,63,20,4.74,GB,1696709784
241,bel ombre,-4.6167,55.4167,300.06,78,40,4.63,SC,1696709785
242,dudinka,69.4058,86.1778,276.86,99,100,5.36,RU,1696709637
243,josenii bargaului,47.2167,24.6833,283.81,70,69,1.16,RO,1696709786
244,praia da vitoria,38.7333,-27.0667,294.29,68,40,7.88,PT,1696709786
245,villa bruzual,9.3328,-69.1208,298.1,87,100,1.23,VE,1696709787
246,kailua-kona,19.6406,-155.9956,302.75,74,40,6.17,US,1696709787
247,hilo,19.7297,-155.09,303.86,70,40,3.6,US,1696709788
248,tucuma,-0.1833,-50.05,303.78,59,0,5.26,BR,1696709527
249,bac lieu,9.285,105.7244,299.11,85,100,2.93,VN,1696709788
250,nemuro,43.3236,145.575,285.01,73,45,8.38,JP,1696709647
251,sur,22.5667,59.5289,301.75,70,39,4.55,OM,1696709789
252,inarajan village,13.2736,144.7484,300.69,90,99,7.09,GU,1696709790
253,arvayheer,46.2639,102.775,274.39,55,22,1.29,MN,1696709791
254,luang namtha,20.9497,101.4011,294.27,100,92,0.23,LA,1696709791
255,gumdag,39.2061,54.5906,290.99,63,5,3.73,TM,1696709792
256,nuzvid,16.7833,80.85,298.07,71,98,1.16,IN,1696709792
257,coron,11.9986,120.2043,298.3,89,3,0.95,PH,1696709793
258,hithadhoo,-0.6,73.0833,300.24,83,100,5.83,MV,1696709793
259,mana,5.6592,-53.7767,302.46,69,63,5.49,GF,1696709794
260,la passe,45.5549,-0.8967,291.47,37,6,3.13,FR,1696709794
261,kansanshi,-12.0951,26.4273,295.3,48,25,1.09,ZM,1696709794
262,ha'il,27.5219,41.6907,303.16,19,0,2.06,SA,1696709795
263,geraldton,-28.7667,114.6,291.38,82,100,1.54,AU,1696709795
264,pandan,14.0453,124.1694,299.51,86,62,1.33,PH,1696709796
265,mhamid,29.82,-5.72,299.48,14,100,3.45,MA,1696709636
266,buka,40.8108,69.1986,287.09,73,19,0.71,UZ,1696709797
267,tobelo,1.7284,128.0095,298.89,81,48,2.4,ID,1696709798
268,bechar,31.6167,-2.2167,300.33,18,0,0.51,DZ,1696709798
269,dryden,49.7833,-92.7503,281.31,61,100,4.12,CA,1696709799
270,san angelo,31.4638,-100.437,296.42,27,0,4.12,US,1696709519
271,shira,54.4911,89.9531,279.21,73,80,1.65,RU,1696709800
272,aktau,43.65,51.2,288.47,54,69,3.65,KZ,1696709800
273,amursk,50.2261,136.8994,277.58,94,9,2.68,RU,1696709801
274,baise city,23.8997,106.6133,292.68,90,71,0.91,CN,1696709661
275,ar ruways,24.1103,52.7306,303.88,75,7,3.55,AE,1696709802
276,creston,41.0586,-94.3614,288.55,35,0,4.12,US,1696709802
277,nyala,12.05,24.8833,303.16,43,74,2.64,SD,1696709803
278,tranqueras,-31.2,-55.75,294.79,57,0,3.65,UY,1696709803
279,nar'yan-mar,67.6713,53.087,273.77,85,99,3.58,RU,1696709804
280,usinsk,65.9939,57.5281,279.86,93,100,7.6,RU,1696709804
281,tazacorte,28.629,-17.9293,299.69,69,0,3.09,ES,1696709805
282,mogocha,53.7333,119.7667,276.34,88,22,1.34,RU,1696709805
283,dunedin,-45.8742,170.5036,283.6,58,95,1.34,NZ,1696709776
284,cabo san lucas,22.8909,-109.9124,304.05,81,100,6.69,MX,1696709806
285,vallenar,-28.5708,-70.7581,294.59,24,0,4.12,CL,1696709807
286,ixtapa,20.7,-105.2,304.72,62,75,4.12,MX,1696709807
287,uturoa,-16.7333,-151.4333,299.51,83,30,7.26,PF,1696709807
288,nagqu,31.5,92.0,276.19,38,100,1.18,CN,1696709808
289,aguililla,18.7333,-102.7333,299.77,72,100,0.75,MX,1696709666
290,tavda,58.0425,65.2726,282.42,95,65,2.68,RU,1696709809
291,thayetmyo,19.3167,95.1833,297.2,98,100,2.09,MM,1696709809
292,biryusinsk,55.9634,97.8235,279.55,86,96,0.68,RU,1696709810
293,lan krabue,16.6,99.8489,296.92,97,100,1.08,TH,1696709811
294,swakopmund,-22.6833,14.5333,287.03,84,27,0.45,NA,1696709811
295,mariestad,58.7097,13.8237,279.54,60,3,8.36,SE,1696709812
296,keflavik,64.0049,-22.5624,279.39,75,75,2.57,IS,1696709812
297,port elizabeth,-33.918,25.5701,288.31,83,100,2.06,ZA,1696709813
298,adamovka,51.5223,59.9396,283.14,90,100,4.92,RU,1696709813
299,namibe,-15.1961,12.1522,293.0,86,91,2.8,AO,1696709640
300,tomatlan,19.9333,-105.25,303.14,80,100,2.72,MX,1696709570
301,squamish,49.7014,-123.1512,299.29,43,11,1.03,CA,1696709815
302,ciudad lazaro cardenas,17.9583,-102.2,304.9,62,46,4.86,MX,1696709815
303,illizi,26.4833,8.4667,299.04,24,0,4.86,DZ,1696709816
304,susuman,62.7833,148.1667,265.92,90,16,1.34,RU,1696709816
305,khorixas,-20.3667,14.9667,295.83,26,11,5.27,NA,1696709816
306,vila franca do campo,37.7167,-25.4333,294.75,99,100,3.53,PT,1696709817
307,la ronge,55.1001,-105.2842,290.27,36,40,6.17,CA,1696709647
308,kill devil hills,36.0307,-75.676,291.47,87,100,5.66,US,1696709728
309,vanimo,-2.6741,141.3028,298.04,90,100,1.54,PG,1696709818
310,kolonia town,6.964,158.206,299.15,94,100,0.0,FM,1696709819
311,sudak,44.85,34.9667,287.92,63,98,4.24,UA,1696709819
312,montepuez,-13.1256,38.9997,295.72,73,2,4.37,MZ,1696709819
313,persembe,41.0656,37.7714,287.83,86,0,2.45,TR,1696709820
314,iquitos,-3.7481,-73.2472,307.17,59,40,4.12,PE,1696709671
315,saposoa,-6.934,-76.7716,308.16,39,92,1.64,PE,1696709821
316,fada,9.5667,8.3,294.39,78,64,0.62,NG,1696709821
317,hamilton,39.1834,-84.5333,290.48,44,75,6.69,US,1696709822
318,acarau,-2.8856,-40.12,301.2,73,74,8.47,BR,1696709823
319,sikasso,10.9167,-7.0,299.98,68,99,0.6,ML,1696709825
320,dosso,13.049,3.1937,304.52,40,9,4.13,NE,1696709825
321,uaua,-9.8414,-39.4817,305.81,31,90,8.73,BR,1696709826
322,rongelap,11.1635,166.8941,301.83,78,19,9.24,MH,1696709826
323,beau vallon,-20.4189,57.6953,296.28,68,40,3.09,MU,1696709827
324,lensk,60.7253,114.9278,277.99,86,47,4.02,RU,1696709663
325,badger,64.8,-147.5333,275.08,81,100,4.12,US,1696709828
326,fisterra,42.9049,-9.2629,293.57,62,0,3.4,ES,1696709829
327,felipe carrillo puerto,19.5833,-88.05,305.15,60,87,2.57,MX,1696709829
328,along,28.1667,94.7667,294.12,99,80,0.43,IN,1696709829
329,katsuura,35.1333,140.3,291.23,62,72,6.07,JP,1696709830
330,quinhamel,11.8833,-15.85,301.29,84,86,3.36,GW,1696709830
331,lata,40.1629,-8.3327,296.99,59,38,0.54,PT,1696709831
332,coahuayana de hidalgo,18.7,-103.6583,305.75,61,76,1.78,MX,1696709831
333,benguela,-12.5763,13.4055,295.72,89,68,1.59,AO,1696709832
334,newman,37.3138,-121.0208,307.75,16,0,0.95,US,1696709833
335,filipstad,59.7124,14.1683,277.3,58,0,5.84,SE,1696709833
336,malanje,-9.5402,16.341,292.98,89,100,2.97,AO,1696709833
337,lichinga,-13.3128,35.2406,295.2,56,0,2.06,MZ,1696709834
338,opuwo,-18.0607,13.84,296.24,32,21,3.63,NA,1696709834
339,mangai,-4.05,19.5333,295.62,93,86,0.87,CD,1696709835
340,sittwe,20.15,92.9,299.98,80,78,0.82,MM,1696709836
341,baidoa,3.1138,43.6498,297.04,81,85,5.41,SO,1696709836
342,tual,-5.6667,132.75,299.67,84,30,7.68,ID,1696709673
343,mumbwa,-14.9783,27.0619,300.67,26,46,3.9,ZM,1696709837
344,cova figueira,14.8905,-24.2934,298.33,76,100,2.43,CV,1696709838
345,birao,10.2849,22.7882,295.11,95,100,2.66,CF,1696709838
346,dembi dolo,8.5333,34.8,288.88,77,33,2.02,ET,1696709839
347,birobidzhan,48.8,132.95,279.72,63,99,1.98,RU,1696709839
348,khorugh,37.4897,71.553,284.93,57,3,0.93,TJ,1696709840
349,ghat,24.9647,10.1728,298.83,24,2,5.12,LY,1696709841
350,tanout,14.9709,8.8879,304.02,29,12,4.98,NE,1696709841
351,yaren,-0.5472,166.916,301.01,78,100,7.73,NR,1696709842
352,ukhta,63.5671,53.6835,280.13,93,100,2.68,RU,1696709842
353,bintulu,3.1667,113.0333,298.38,100,20,0.0,MY,1696709843
354,lamu,-2.2717,40.902,298.27,81,100,5.61,KE,1696709680
355,beyneu,45.3167,55.2,287.24,61,19,5.91,KZ,1696709844
356,salinopolis,-0.6136,-47.3561,301.55,75,0,6.32,BR,1696709844
357,cove,7.221,2.3402,297.18,89,79,1.37,BJ,1696709845
358,bani walid,31.7566,13.9942,294.14,62,2,4.17,LY,1696709845
359,peniche,39.3558,-9.3811,295.42,88,0,0.99,PT,1696709846
360,gbarnga,6.9956,-9.4722,295.84,98,100,0.96,LR,1696709846
361,argostolion,38.1811,20.489,295.19,47,20,2.57,GR,1696709847
362,alesund,62.4723,6.1549,281.35,77,40,3.09,NO,1696709682
363,tofol,5.3248,163.0078,301.0,73,100,0.72,FM,1696709650
364,sinabang,2.4803,96.3801,299.45,83,100,2.28,ID,1696709637
365,lauro de freitas,-12.8944,-38.3272,300.16,74,40,5.14,BR,1696709722
366,mananjary,-21.2167,48.3333,293.02,78,57,3.46,MG,1696709849
367,nizhnevartovsk,60.9344,76.5531,283.16,100,0,3.13,RU,1696709644
368,nadym,65.5333,72.5167,280.12,98,100,4.33,RU,1696709644
369,kuqa,41.7278,82.9364,291.79,27,94,1.42,CN,1696709851
370,northam,51.0333,-4.2167,290.16,80,100,2.32,GB,1696709852
371,graham,47.0529,-122.2943,300.27,51,0,1.79,US,1696709827
372,kilindoni,-7.9139,39.6668,298.79,74,19,6.27,TZ,1696709852
373,ketchikan,55.3422,-131.6461,291.14,72,75,5.14,US,1696709853
374,kalibo (poblacion),11.7061,122.3644,297.69,85,24,0.97,PH,1696709854
375,howard springs,-12.497,131.047,297.49,79,31,1.24,AU,1696709855
376,lagos,6.5833,3.75,297.09,89,100,0.8,NG,1696709856
377,corner brook,48.9667,-57.9484,296.24,75,80,1.1,CA,1696709788
378,vorgashor,67.5833,63.95,277.72,89,100,4.41,RU,1696709640
379,brak,27.5496,14.2714,297.91,31,0,5.98,LY,1696709857
380,banda aceh,5.5577,95.3222,299.46,85,100,1.12,ID,1696709858
381,vylkove,45.4021,29.586,290.77,45,59,4.82,UA,1696709859
382,nadi,-17.8,177.4167,296.15,64,40,2.57,FJ,1696709859
383,inari,68.906,27.0288,271.26,77,89,1.03,FI,1696709860
384,chengannur,9.3333,76.6333,297.48,89,98,0.59,IN,1696709860
385,xinyuan,37.3,99.0,272.62,36,100,0.86,CN,1696709860
386,bryne,58.7354,5.6477,281.8,75,0,6.17,NO,1696709861
387,lupane,-18.9315,27.807,296.71,28,13,1.98,ZW,1696709861
388,santa terezinha,-29.9002,-50.0904,291.29,96,100,4.13,BR,1696709862
389,sharjah,25.3573,55.4033,308.14,39,0,2.06,AE,1696709863
390,arkhangel'sk,64.5401,40.5433,274.33,84,100,3.67,RU,1696709863
391,benjamin constant,-4.3831,-70.0311,308.22,62,20,2.57,BR,1696709864
392,lompoc,34.6391,-120.4579,309.23,50,0,3.09,US,1696709632
393,brokopondo,4.75,-55.1667,307.82,43,4,0.25,SR,1696709865
394,colonia,50.9333,6.95,293.64,66,89,4.02,DE,1696709783
395,sompeta,18.9333,84.6,299.93,81,100,2.36,IN,1696709866
396,karratha,-20.7377,116.8463,299.61,45,0,3.15,AU,1696709866
397,westport,41.1415,-73.3579,293.2,89,100,8.23,US,1696709655
398,mengyin,35.7069,117.9264,287.29,63,68,1.09,CN,1696709867
399,annotto bay,18.2717,-76.7652,305.06,79,95,0.94,JM,1696709868
400,rehoboth,-23.3167,17.0833,297.25,15,18,6.67,NA,1696709869
401,tome acu,-2.4189,-48.1522,308.77,33,99,1.6,BR,1696709870
402,rabaul,-4.1967,152.1721,298.56,76,100,4.26,PG,1696709680
403,lubang,13.8584,120.124,301.38,74,93,0.87,PH,1696709871
404,myeik,12.4333,98.6,298.5,90,100,0.49,MM,1696709872
405,pasuquin,18.3328,120.6177,298.12,100,20,1.54,PH,1696709872
406,pimenta bueno,-11.6725,-61.1936,312.45,23,74,1.71,BR,1696709873
407,beira,-19.8436,34.8389,298.2,94,20,4.63,MZ,1696709873
408,kitimat,54.0524,-128.6534,284.36,57,100,1.12,CA,1696709874
409,haiku-pauwela,20.9219,-156.3051,301.16,58,20,10.29,US,1696709641
410,ndele,8.4109,20.6473,295.06,98,100,1.93,CF,1696709875
411,omagari,39.45,140.4833,283.09,92,89,0.8,JP,1696709876
412,sitia,35.2,26.0986,295.92,72,54,4.71,GR,1696709876
413,koh kong,11.6175,102.9806,299.29,86,100,1.16,KH,1696709877
414,llucmajor,39.4909,2.8911,295.73,91,20,2.57,ES,1696709808
415,hola,51.5377,23.1902,284.25,85,100,5.36,PL,1696709877
416,timbiqui,2.7717,-77.6654,299.4,92,100,2.89,CO,1696709878
417,valday,57.9747,33.2525,276.5,96,100,7.15,RU,1696709878
418,dawson creek,55.7666,-120.2362,295.95,33,0,0.0,CA,1696709879
419,duong dong,10.2167,103.9667,300.15,94,20,2.57,VN,1696709879
420,taroa,8.7058,171.2275,301.64,81,100,7.78,MH,1696709880
421,wheelersburg,38.7304,-82.8555,290.42,44,100,4.63,US,1696709880
422,kwadukuza,-29.3282,31.2895,294.09,76,98,8.97,ZA,1696709881
423,natal,-5.795,-35.2094,301.51,69,20,6.17,BR,1696709881
424,kismayo,-0.3582,42.5454,298.86,86,27,6.01,SO,1696709882
425,vorkuta,67.5,64.0,277.9,89,100,4.54,RU,1696709883
426,qarazhal,48.0078,70.7903,284.5,52,21,2.01,KZ,1696709884
427,manokwari,-0.8667,134.0833,299.01,78,84,1.85,ID,1696709884
428,tarauaca,-8.1614,-70.7656,311.35,30,96,1.88,BR,1696709885
429,kudahuvadhoo,2.6708,72.8944,300.54,80,74,3.69,MV,1696709680
430,hilvan,37.5869,38.9551,295.64,24,0,2.57,TR,1696709886
431,novyy oskol,50.7631,37.8691,286.26,78,100,10.87,RU,1696709886
432,jalai nur,49.45,117.7,280.67,67,100,3.39,CN,1696709887
433,aykhal,66.0,111.5,272.08,94,90,7.15,RU,1696709888
434,san antonio de pale,-1.4014,5.6325,298.95,80,89,3.84,GQ,1696709888
435,mumford,5.2618,-0.759,299.1,89,75,5.97,GH,1696709889
436,sarkand,45.41,79.9186,287.78,72,100,3.37,KZ,1696709889
437,cozumel,20.5083,-86.9458,303.68,91,75,3.58,MX,1696709890
438,richards bay,-28.783,32.0377,294.71,87,84,8.29,ZA,1696709890
439,bu'aale,1.0833,42.5833,298.52,75,80,3.62,SO,1696709891
440,lagunas,-5.2269,-75.6753,311.53,29,100,1.88,PE,1696709892
441,cantonment,31.5239,74.3764,299.21,73,0,0.0,PK,1696709892
442,morondava,-20.2833,44.2833,297.89,85,100,1.79,MG,1696709893
443,mongo,12.1844,18.693,302.29,51,98,1.28,TD,1696709893
444,inirida,3.8653,-67.9239,309.03,38,29,1.53,CO,1696709894
445,port moresby,-9.4431,147.1797,296.83,78,20,5.14,PG,1696709894
446,saint-pierre,-21.3393,55.4781,294.97,73,75,1.54,RE,1696709895
447,kayes,14.0,-11.0,300.77,62,100,1.41,ML,1696709896
448,kayangel,8.0823,134.7173,301.41,80,100,7.86,PW,1696709896
449,saudarkrokur,65.7461,-19.6394,275.09,74,55,6.97,IS,1696709897
450,el granada,37.5027,-122.4694,309.02,57,0,6.69,US,1696709675
451,strensall,54.04,-1.0351,290.93,90,100,2.54,GB,1696709898
452,parang,7.3704,124.2697,297.02,94,98,1.26,PH,1696709899
453,sassandra,4.95,-6.0833,297.21,95,65,2.38,CI,1696709899
454,selfoss,63.9331,-20.9971,277.06,87,67,0.37,IS,1696709670
455,sampit,-2.5333,112.95,297.04,97,17,1.0,ID,1696709900
456,butte,39.6499,-121.5677,304.47,33,0,2.57,US,1696709901
457,novaya igirma,57.1334,103.9112,279.87,95,100,1.43,RU,1696709901
458,bianzhuang,34.8486,118.0447,286.49,85,5,2.07,CN,1696709902
459,sayan,-11.1361,-77.1933,299.1,60,33,4.0,PE,1696709903
460,arkalyk,50.2486,66.9114,286.98,60,100,7.6,KZ,1696709903
461,puerto deseado,-47.7503,-65.8938,290.03,26,63,10.22,AR,1696709904
462,pangody,65.85,74.4859,279.45,97,100,5.59,RU,1696709904
463,tachov,49.7953,12.6337,288.81,59,100,6.8,CZ,1696709905
464,bantogon,6.5333,124.0333,299.11,84,100,1.86,PH,1696709905
465,owen sound,44.5672,-80.9435,286.36,84,92,2.24,CA,1696709906
466,mpraeso,6.5932,-0.7346,295.31,94,99,0.6,GH,1696709906
467,plettenberg bay,-34.0527,23.3716,287.2,84,100,2.58,ZA,1696709907
468,barra de santo antonio,-9.4047,-35.5072,299.75,82,100,4.07,BR,1696709907
469,srivardhan,18.0333,73.0167,298.81,91,74,3.06,IN,1696709908
470,rio grande,-32.035,-52.0986,294.21,73,19,5.18,BR,1696709673
471,ust-tsilma,65.441,52.1498,274.05,98,100,3.13,RU,1696709909
472,argo,37.6333,22.7333,291.36,63,0,1.31,GR,1696709910
473,ko pha ngan,9.7578,100.0291,298.16,79,100,2.97,TH,1696709910
474,turan,16.0678,108.2208,298.14,100,20,1.03,VN,1696709911
475,colares,38.7992,-9.4469,296.67,74,0,2.68,PT,1696709912
476,chanda,19.95,79.3,298.2,75,98,1.01,IN,1696709913
477,jinchang,38.4953,102.1739,283.97,41,1,1.6,CN,1696709913
478,ouargaye,11.5033,0.0572,299.24,72,100,4.57,BF,1696709914
479,christchurch,-43.5333,172.6333,281.11,93,100,1.03,NZ,1696709869
480,agios nikolaos,35.1914,25.7133,295.8,56,25,3.33,GR,1696709915
481,mahibadhoo,3.7833,72.9667,301.03,78,100,3.15,MV,1696709916
482,tanda,26.55,82.65,298.02,62,6,1.06,IN,1696709916
483,callao,-12.0667,-77.15,293.31,73,75,5.14,PE,1696709642
484,hastings,50.8552,0.5729,291.09,32,87,5.33,GB,1696709917
485,ludza,56.55,27.7167,278.48,63,84,9.24,LV,1696709918
486,n'zeto,-7.2312,12.8666,297.54,87,68,2.72,AO,1696709918
487,zouerate,22.7187,-12.4521,308.02,13,1,3.84,MR,1696709919
488,prabumulih,-3.45,104.25,295.19,89,100,1.45,ID,1696709920
489,konkwesso,10.8469,4.0984,299.43,72,95,0.95,NG,1696709920
490,noshiro,40.2039,140.0242,286.09,80,26,2.59,JP,1696709921
491,gulf breeze,30.3571,-87.1639,301.61,36,0,6.17,US,1696709921
492,chudey,48.0525,25.6221,290.81,48,94,10.37,UA,1696709922
493,ocean city,39.2776,-74.5746,292.05,71,92,4.47,US,1696709922
494,chita,52.0333,113.55,269.09,93,5,0.0,RU,1696709923
495,nova sintra,14.8667,-24.7167,297.66,77,100,2.78,CV,1696709642
496,lorengau,-2.0226,147.2712,301.06,76,100,5.8,PG,1696709924
497,achinsk,56.2694,90.4993,281.59,68,90,1.34,RU,1696709924
498,eynesil,41.0645,39.1438,290.5,79,0,2.6,TR,1696709925
499,brisas de zicatela,15.8369,-97.0419,305.44,48,75,2.57,MX,1696709926
500,oakdale,44.963,-92.9649,284.83,57,75,4.63,US,1696709818
501,bahia honda,22.9036,-83.1592,302.39,70,76,2.99,CU,1696709927
502,brookings,44.3114,-96.7984,288.34,45,0,4.12,US,1696709927
503,vengurla,15.8667,73.6333,298.05,94,47,2.22,IN,1696709928
504,revelstoke,50.9832,-118.2023,287.16,72,0,3.09,CA,1696709929
505,coquimbo,-29.9533,-71.3436,291.0,63,0,7.72,CL,1696709929
506,tangalle,6.024,80.7911,298.13,91,100,2.84,LK,1696709929
507,kruisfontein,-34.0033,24.7314,286.97,87,100,3.48,ZA,1696709930
508,sunne,59.8376,13.143,277.33,59,0,3.86,SE,1696709931
509,el jadid,33.2549,-8.506,296.43,76,11,4.56,MA,1696709931
510,polyarnyy,69.1989,33.4478,274.16,75,100,0.26,RU,1696709662
511,hsinchu,24.8036,120.9686,297.53,97,100,1.79,TW,1696709932
512,howrah,22.5892,88.3103,300.15,94,20,0.0,IN,1696709933
513,snowflake,34.5134,-110.0785,300.21,17,7,2.88,US,1696709934
514,barclayville,4.6797,-8.2339,297.54,94,100,2.31,LR,1696709934
515,timaru,-44.4,171.25,282.08,87,54,1.79,NZ,1696709935
516,guerrero negro,27.9769,-114.0611,302.19,44,9,4.73,MX,1696709935
517,new norfolk,-42.7826,147.0587,278.55,97,15,1.34,AU,1696709936
518,gamboma,-1.8764,15.8644,297.17,88,99,1.18,CG,1696709936
519,kone,-21.0595,164.8658,293.42,76,100,2.7,NC,1696709937
520,lautoka,-17.6167,177.4667,296.07,64,40,2.57,FJ,1696709937
521,ulsteinvik,62.3432,5.8487,281.9,79,97,4.47,NO,1696709938
522,paita,-5.0892,-81.1144,296.1,74,53,7.62,PE,1696709939
523,murzuq,25.9155,13.9184,297.18,31,26,4.83,LY,1696709939
524,diego de almagro,-26.3667,-70.05,295.06,21,0,4.44,CL,1696709940
525,qamdo,31.1667,97.2333,274.5,90,100,1.67,CN,1696709940
526,codrington,-38.2667,141.9667,279.72,83,93,1.82,AU,1696709941
527,myskhako,44.6714,37.7433,292.03,67,52,7.79,RU,1696709941
528,hotan,37.0997,79.9269,290.09,23,72,1.79,CN,1696709942
529,fortaleza,-3.7227,-38.5247,302.22,65,0,5.14,BR,1696709807
530,san francisco telixtlahuaca,17.3,-96.9,297.79,67,100,3.22,MX,1696709943
531,flin flon,54.7682,-101.865,287.06,54,0,4.63,CA,1696709944
532,ambikapur,23.1167,83.2,293.96,68,100,0.46,IN,1696709944
533,rasra,25.85,83.85,297.76,68,51,1.75,IN,1696709945
534,swift current,50.2834,-107.8014,293.6,37,0,6.17,CA,1696709945
535,skikda,36.8762,6.9092,294.17,79,3,1.53,DZ,1696709946
536,suntar,62.1444,117.6319,277.12,81,94,4.47,RU,1696709946
537,port isabel,26.0734,-97.2086,303.19,77,75,8.94,US,1696709947
538,brigantine,39.4101,-74.3646,292.07,72,100,7.2,US,1696709947
539,rapar,23.5667,70.6333,299.65,74,0,4.3,IN,1696709948
540,klaksvik,62.2266,-6.589,276.66,62,32,2.23,FO,1696709948
541,kasongo-lunda,-6.4667,16.8167,296.67,88,100,0.53,CD,1696709949
542,papa,47.33,17.4674,292.99,82,0,2.06,HU,1696709950
543,baissa,7.2333,10.6333,296.78,96,84,0.47,NG,1696709950
544,petrov val,50.1434,45.2096,282.32,64,100,10.56,RU,1696709951
545,nova vicosa,-17.8919,-39.3719,299.27,71,3,6.34,BR,1696709951
546,gargalianoi,37.0667,21.6333,292.79,68,1,2.91,GR,1696709952
547,sambava,-14.2667,50.1667,295.04,84,25,4.9,MG,1696709953
548,seaside,36.6111,-121.8516,309.66,46,0,2.57,US,1696709800
549,altai,46.3722,96.2583,276.01,36,100,1.72,MN,1696709953
550,shache,38.4167,77.2406,290.77,27,74,2.41,CN,1696709954
551,nong bua,15.8646,100.5858,297.34,95,100,0.49,TH,1696709954
552,strelka,58.0728,93.0344,282.08,94,100,0.68,RU,1696709955
553,marka,1.7159,44.7717,299.39,85,70,5.6,SO,1696709955
554,semirom,31.4167,51.5667,285.6,33,48,0.37,IR,1696709956
555,souillac,-20.5167,57.5167,296.36,68,40,3.09,MU,1696709956
556,happy valley-goose bay,53.3168,-60.3315,292.32,68,75,4.12,CA,1696709710
557,jinghong,21.991,100.7341,294.99,100,100,0.1,CN,1696709957
558,kichmengskiy gorodok,59.9816,45.7854,279.37,95,100,3.25,RU,1696709958
559,awjilah,29.1081,21.2869,298.04,43,100,3.55,LY,1696709959
560,devils lake,48.1128,-98.8651,288.21,44,75,5.66,US,1696709785
561,praya,14.9215,-23.5087,302.45,54,75,2.57,CV,1696709960
562,kooringal,-35.1428,147.3771,282.19,93,0,2.51,AU,1696709960
563,warmbad,-28.45,18.7333,290.77,51,8,5.68,NA,1696709961
564,yarega,63.4354,53.5765,279.75,93,100,2.09,RU,1696709961
565,mossel bay,-34.1831,22.146,287.11,71,100,3.59,ZA,1696709962
566,mossendjo,-2.9506,12.7261,295.8,90,36,1.21,CG,1696709962
567,muravlenko,63.7898,74.523,281.47,98,100,5.11,RU,1696709963
568,wenchang,30.904,118.4887,288.22,96,100,3.12,CN,1696709963
569,sao miguel do araguaia,-13.275,-50.1628,308.01,35,93,3.69,BR,1696709964
570,el calafate,-50.3408,-72.2768,278.19,85,65,6.28,AR,1696709964
571,lae,-6.7221,146.9847,295.96,85,100,2.39,PG,1696709965
572,kigonsera,-10.8,35.05,292.6,53,0,1.34,TZ,1696709965
573,daru,-9.0763,143.2092,297.87,79,100,7.66,PG,1696709966
